Alberto;neto;999;Ator
Fernando;fadmin;1234;Admin
Raffa Moreira;lilRaf;777
yghor;ygomes;123
Maria;mary54;ma54
Joao;jp443;443
Paulo;phenrique;ph765
bru;bruh;000
Cleiton;ton;000
Ronaldo;rfenomeno;123
Jordan;mjordan;000
Jackson;mjackson;000;Ator
James;ljames;000;Diretor
Amanda;aadimin;54321;Admin
Luciano;lulu;123;Jornalista
Marcos Luiz Antunes;mlantunes;123;Jornalista
Simone;smone;777
Raimundo;mundo;999
Rock;drock;12345;Ator
Gabriel J Monteiro;monteg;1234
Joana B Dark;jdark;4321;Jornalista
Helio;hadmin;9999;Admin
Bernardo;adminbern;1234;Admin
Caio Antunes;antcaio;1111;Ator
Frederico Fagundes;ffundes;432;Diretor
Gustavo Cabral;gcavo;4321
Janaina Silva;jsadmin;44321;Admin
Tarantino;tantio;987;Diretor
Karlos Antonio;kaaka;123
